<?xml version="1.0" encoding="UTF-8"?>
<project-private xmlns="http://www.netbeans.org/ns/project-private/1">
    <editor-bookmarks xmlns="http://www.netbeans.org/ns/editor-bookmarks/2" lastBookmarkId="0"/>
    <open-files xmlns="http://www.netbeans.org/ns/projectui-open-files/2">
        <group>
            <file>file:/E:/Classes/Spring%202019/CSC%2017B/TetrisGame/public_html/game/styleSheet.css</file>
            <file>file:/E:/Classes/Spring%202019/CSC%2017B/TetrisGame/public_html/game/View.js</file>
            <file>file:/E:/Classes/Spring%202019/CSC%2017B/TetrisGame/public_html/game/Model.js</file>
            <file>file:/E:/Classes/Spring%202019/CSC%2017B/TetrisGame/public_html/game/MainGame.html</file>
            <file>file:/E:/Classes/Spring%202019/CSC%2017B/TetrisGame/public_html/game/Controller.js</file>
            <file>file:/E:/Classes/Spring%202019/CSC%2017B/TetrisGame/public_html/game/tetrisStartPage.html</file>
        </group>
    </open-files>
</project-private>
